{
    "CameraMatrix": [
        [541.6373297834168, 0.0, 350.2246103229324],
        [0.0, 542.5632693416148, 224.8432462256541],
        [0.0, 0.0, 1.0]
    ],
    "DistortionCoeff": [
        [
            0.03079145286029344,
            -0.0037492997547329213,
            -0.0009340163324388664,
            0.0012027838051384778,
            -0.07882030659375006
        ]
    ],
    "resolution": {
        "width": 640,
        "height": 480
    }
}
